﻿en,jp,kr,pinyin,zh_cn,zh_tw
Tsukiyuki Miyako,月雪 ミヤコ,츠키유키 미야코,yuexuegongzi,月雪 宫子,月雪 都子
Steel-Drum,ドラム缶,드럼통,youtong,油桶,油桶
Sorai Saki,空井 サキ,소라이 사키,kongjingxiao,空井 咲,空井 咲希
Kasumizawa Miyu,霞沢 ミユ,카스미자와 미유,xiazemeiyou,霞泽 美游,霞澤 美優
Kazekura Moe,風倉 モエ,카제쿠라 모에,fengcangmenghui,风仓 萌惠,風倉 萌
Shichido Yukino,七度 ユキノ,유키노,qiduxuenai,七度 雪乃,七度 雪乃
Niko,ニコ,니코,nike,妮可,妮可
Kurumi,クルミ,쿠루미,hutao,胡桃,胡桃
Otogi,オトギ,오토기,yinkui,音葵,音葵
Purana,プラナ,프라나,pulana,普拉娜,普拉娜
Arona,アロナ,아로나,aluona,阿罗娜,彩奈
Kawaru Shinon,川流 シノン,카와루 시논,chuanliushinai,川流 诗乃,川流 詩乃
Kazemaki Mai,風巻 マイ,카제마키 마이,wu,风卷 舞,風巻 舞
KAITEN-FX-Mk.0,KAITEN-FX-Mk.0,KAITEN-FX-Mk.0,KaitenFxMk0,KAITEN-FX-Mk.0,KAITEN-FX-Mk.0
Kaitenger,カイテンジャー,카이텐레인저,huizhuanshousizhandui,凯坦泽,凱坦澤
Kaiser-PMC-General,カイザーPMC将軍,카이저-PMC-장군,kaisaPMCjiangjun,凯撒PMC将军,凱撒PMC將軍
Kaiser-PMC-Director,カイザーPMC理事,카이저-PMC-이사,kaisaPMClishi,凯撒PMC理事,凱撒PMC理事
Kaiser-President,カイザー会長,카이저-회장,kaisazongcai,凯撒总裁,凱撒主席
Kaiser-SOF,カイザーSOF,카이저-SOF,kaisatezhongbudui,凯撒特种部队,凱撒特種部隊
Aur,オウル,오르,guang,光,光
KETHER,ケテル,케테르,kaise,凯瑟,凱瑟
KaiserTypeC,カイザーTypeC,황제TypeC,kaiseTypeC,凯瑟TypeC,凱瑟TypeC
KaiserTypeE,カイザーTypeE,황제TypeE,kaiseTypeE,凯瑟TypeE,凱瑟TypeE
KaiserTypeV,カイザーTypeV,황제TypeV,kaiseTypeV,凯瑟TypeV,凱瑟TypeV
TIPHARETH,ティファレト,티페레트,tifalete,提法勒特,提法勒特
Ain,アイン,아인,wu,无,無
Geburah,ゲブラ,게부라,gaibula,盖布拉,蓋布拉
Binah,ビナー,비나,weina,薇娜,薇娜
Chesed,ケセド,헤세드,hesaide,赫赛德,赫賽德
Soph,ソフ,소프,xian,限,限
Chokmah,コクマー,호크마,huokema,霍克玛,霍克瑪
Hod,ホド,호드,huode,霍德,霍德
Malkuth,マルクト,말쿠트,malukute,马路库特,馬爾庫特
Sensei,先生,선생님,laoshi,老师,老師
Sora,ソラ,소라,kong,空,空
Helmet-Dan,ヘルメット団,헬멧단,toukuituanchengyuan,钢盔团,頭盔團
Komakaje Rabu,河駒風 ラブ,코마카제 라브,hejufenglanwu,和驹风 兰舞,和駒風 兰舞
Saten Ruiko,佐天 淚子,사텐 루이코,zuotianleizi,佐天 泪子,佐天 淚子
Peroro-Sama,ペロロ様,페로로님,peiluoluo,佩洛洛大人,佩洛洛大人
BunnyGirl-Guard,バニーガール-ガード,바니걸-가드,tunvlangshouwei,兔女郎守卫,兔女郎守衛
Hatsune-Miku,初音ミク,하츠네-미쿠,chuyinweilai,初音未来,初音未來
Yustina,ユスティナ信徒,유스티나-성도회,yousidiyashengtuhui,尤斯蒂娅圣徒会,尤斯蒂亞聖徒會
Citizen,市民,시민,shimin,市民,市民
Student,Student,Student,feianxuesheng,废案学生,廢案學生
Misaka Mikoto,御坂 美琴,미사카 미코토,yubanmeiqin,御坂 美琴,御坂 美琴
Yoheki,傭兵バイト,용역,dagongxuesheng,打工佣兵,打工傭兵
Shiina Tsumugi,椎名 ツムギ,시이나 츠무기,zhuimingchou,椎名 䌷,椎名 紬
Thugs,スケバン,불량배,hunhun,混混,混混
Professor Smug,ニヤニヤ教授,히죽히죽 교수,xiaomianjiaoshou,笑面教授,笑面教授
Set,セト,세트,saite,赛特,賽特
Shokuhou Misaki,食蜂 操祈,쇼쿠호 미사키,shifengcaoqi,食蜂 操祈,食蜂 操祈
Agent,工作員,공작원,heibangxuesheng,工作员,工作員
？？？,？？？,？？？,???,？？？,？？？
Descartes,デカルト,데카르트,dikaer,笛卡尔,笛卡爾
Décalcomanie,デカルコマニー,데칼코마니,yinhuayoufa,印花釉法,印花釉法
underground-dweller,地下生活者,지하생활자,dixiashenghuozhe,地下生活者,地下生活者
Maestro,マエストロ,마에스트로,jujiang,巨匠,巨匠
Frances,フランシス,프랜시스,fulangxisi,弗朗西斯,弗朗西斯
Golconde,ゴルコンダ,골콩드,geerkongda,戈尔孔达,戈爾孔達
Beatrice,ベアトリーチェ,베아트리체,beiaduoliqie,贝阿朵莉切,貝阿朵莉切
Black-Suit,黒服,검은-양복,heifu,黑服,黑色西裝人
Shiro,シロ,시로,bai,白,白
Goz,ゴズ,고즈,gaozi,高兹,高茲
Kuro,クロ,쿠로,hei,黑,黑
Divi:Sion,Divi:Sion,Divi:Sion,wumingjiqiren,Divi:Sion,Divi:Sion
The-nameless-priests,無名の司祭,무명사제,wumingjisi,无名司祭,無名司祭
Perorozilla,ペロロジラ,페로로질라,peiluoluosila,佩洛洛斯拉,佩洛洛吉拉
Automata,アンドロイド,오토마타,zidongjiqiren,自动机器人,自動機器人
Don·Arancino,ドン·アランチーノ,돈·아란치노,heibangjiqiren,唐·阿兰西诺,唐·阿蘭西諾
Shibaseki-Master,柴大将,시바세키-사장,chaidajiang,柴大将,柴大将
Nanagami Rin,七神 リン,나나가미 린,qishenlin,七神 凛,七神 琳
Shiranui Kaya,不知火 カヤ,시라누이 카야,buzhihuohuaye,不知火 花耶,不知火 花耶
Iwabitsu Ayumu,岩櫃 アユム,이와비츠 아유무,yanguibumeng,岩柜 步梦,岩櫃 步夢
Oki Aoi,扇喜 アオイ,오키 아오이,shanxikui,扇喜 葵,扇喜 葵
Sumomo,スモモ,스모모,li,李,李
Haine,ハイネ,하이네,huiyin,灰音,灰音
Yuragi Momoka,由良木 モモカ,유라기 모모카,youliangmutaoxiang,由良木 桃香,由良木 桃香
Student-Council-Officer,連邦生徒会長役員,총학생회-임원,lianbangxueshenghuichengyuan,联邦学生会成员,聯邦學生會成員
Student-Council-President,連邦生徒会長,총학생회장,lianbangxueshenghuichang,联邦学生会长,聯邦學生會長
Phrenapates,プレナパテス,프레나파테스,puleinapatesi,普雷纳帕特斯,普雷納帕特斯
Gregorius,グレゴリオ,그레고리오,geligaoli,格里高利,格裡高利
Hieronymus,ヒエロニムス,예로니무스,yeluonimusi,耶罗尼穆斯,耶羅尼姆斯
Ichinose Asuna,一之瀬 アスナ,이치노세 아스나,yizhilaimingrinai,一之濑 明日奈,一之瀬 明日奈
Murokasa Akane,室笠 アカネ,무로카사 아카네,shiliqian,室笠 茜,室笠 茜
Mikamo Neru,美甘 ネル,미카모 네루,meigannilu,美甘 尼禄,美甘 寧瑠
Kakudate Karin,角楯 カリン,카쿠다테 카린,jiaodunhualin,角楯 花凛,角楯 花凛
Asuma Toki,飛鳥馬 トキ,아스마 토키,feiniaomashi,飞鸟马 时,飛鳥馬 季
Mirai,ミライ,미라이,weilai,未来,未來
Otohana Sumire,乙花 スミレ,오토하나 스미레,yihuajin,乙花 菫,乙花 菫
Nomasa Rei,野正 レイ,노마사 레이,yezhengling,野正 玲,野正 玲
Toyomi Kotori,豊見 コトリ,토요미 코토리,fengjianxiaoniao,丰见 小鸟,豐見 亞都梨
Nekozuka Hibiki,猫塚 ヒビキ,네코즈카 히비키,maozhongxiang,猫塚 响,猫塚 響
Shiraishi Utaha,白石 ウタハ,시라이시 우타하,baishigeyuan,白石 歌原,白石 詠葉
Utahaturret,ウタハタレット,천둥이,leijiang,歌原的炮台,歌原的炮臺
AMAS,AMAS,AMAS,AMAS,AMAS,AMAS
MILLENNIUM-Student,ミレニアム-生徒,밀레니엄-학생,qiannianxuesheng,千年学生,千年學生
Kei,Kei,Kei,Kei,Kei,Kei
Tendou Aris,天童 アリス,텐도 아리스,tiantongailisi,天童 爱丽丝,天童 愛麗絲
Saiba Momoi,才羽 モモイ,사이바 모모이,caiyutaojing,才羽 桃井,才羽 桃井
Saiba Midori,才羽 ミドリ,사이바 미도리,caiyulv,才羽 绿,才羽 綠
Hanaoka Yuzu,花岡 ユズ,하나오카 유즈,huagangyouzi,花冈 柚子,花岡 柚子
Izumimoto Eimi,和泉元 エイミ,이즈미모토 에이미,hequanyuanaimi,和泉元 艾米,和泉元 英美
Akeboshi Himari,明星 ヒマリ,아케보시 히마리,mingxingriju,明星 日鞠,明星 陽葵
Kagami Chihiro,各務 チヒロ,카가미 치히로,gewuqianxun,各务 千寻,各務 千尋
Konuri Maki,小塗 マキ,코누리 마키,xiaotuzhenji,小涂 真纪,小塗 真紀
Omagari Hare,小鈎 ハレ,오마가리 하레,xiaogouqing,小钩 晴,小鉤 晴
Otose Kotama,音瀬 コタマ,오토세 코타마,yinlaixiaoyu,音濑 小玉,音瀨 小玉
Hayase Yuuka,早瀬 ユウカ,하야세 유우카,zaolaiyouxiang,早濑 优香,早瀬 佑香
Ushio Noa,生塩 ノア,우시노 노아,shengyannuoya,生盐 诺亚,生塩 乃愛
Tsukatsuki Rio,調月 リオ,츠카츠키 리오,tiaoyueliyin,调月 莉音,調月 莉音
Kurosaki Koyuki,黒崎 コユキ,쿠로사키 코유키,heiqixiaoxue,黑崎 小雪,黑崎 小雪
Iochi Mari,伊落 マリー,이오치 마리,yiluomali,伊落 玛丽,伊落 瑪麗
Sisterhood,シスターフッド,시스터후드,xiunvhuichengyuan,修女会成员,修女會成員
Utazumi Sakurako,歌住 サクラコ,우타즈미 사쿠라코,gezhuyingzi,歌住 樱子,歌住 櫻子
Wakaba Hinata,若葉 ヒナタ,와카바 히나타,ruoyerixiang,若叶 日向,若葉 日向
Kozeki Ui,古関 ウイ,코제키 우이,guguanyou,古关 忧,古関 憂
Endou Shimiko,円堂 シミコ,엔도우 시미코,yuantangzhimeizi,圆堂 志美子,圓堂 志美子
Uzawa Reisa,宇沢 レイサ,우자와 레이사,yuzelingsha,宇泽 玲纱,宇澤 玲紗
Morizuki Suzumi,守月 スズミ,모리즈키 스즈미,shouyuelingmei,守月 铃美,守月 鈴美
TRINITY-Student,トリニティ-生徒,트리니티-학생,shengsanyixuesheng,圣三一学生,聖三一學生
Kiyosumi Akira,清澄 アキラ,키요스미 아키라,qingchengjing,清澄 晶,清澄 晶
Ibaragi Yoshimi,伊原木 ヨシミ,이바라기 요시미,yiyuanmuhaomei,伊原木 好美,伊原木 好美
Kyouyama Kazusa,杏山 カズサ,코야마 카즈사,xingshanhesha,杏山 和纱,杏山 和紗
Yutori Natsu,柚鳥 ナツ,유토리 나츠,youniaoxia,柚鸟 夏,柚鳥 夏
Kurimura Airi,栗村 アイリ,쿠리무라 아이리,licunaili,栗村 爱莉,栗村 愛莉
Asagao Hanae,朝顔 ハナエ,아사가오 하나에,zhaoyanhuahui,朝颜 花绘,朝顏 花繪
Aomori Mine,蒼森 ミネ,아오모리 미네,cangsenmeimi,苍森 美弥,蒼森 美彌
Sumi Serina,鷲見 セリナ,스미 세리나,jiujianqinna,鹫见 芹娜,鷲見 芹奈
Nakamasa Ichika,仲正 イチカ,나카마사 이치카,yihua,仲正 一花,仲正 一花
Kenzaki Tsurugi,剣先 ツルギ,켄자키 츠루기,jianxianhecheng,剑先 鹤城,劍先 弦生
Justice-Task-Force-Member,正義実現委員会部員,정의실현부원,zhengyishixianweiyuanhuichengyuan,正义实现委员会成员,實現正義部成員
Hanekawa Hasumi,羽川 ハスミ,하네카와 하스미,yuchuanlianjian,羽川 莲见,羽川 蓮實
Shizuyama Mashiro,静山 マシロ,시즈야마 마시로,jingshanzhenbai,静山 真白,靜山 麻白
Misono Mika,聖園 ミカ,미소노 미카,shengyuanweihua,圣园 未花,聖園 未花
Kirifuji Nagisa,桐藤 ナギサ,키리후지 나기사,tongtengzhu,桐藤 渚,桐藤 渚
Yurizono Seia,百合園 セイア,유리조노 세이아,baiheyuanshengya,百合园 圣娅,百合園 聖婭
TeaParty,ティーパーティー,티파티,chahuichengyuan,茶会成员,茶會成員
Shimoe Koharu,下江 コハル,시모에 코하루,xiajiangxiaochun,下江 小春,下江 小春
Urawa Hanako,浦和 ハナコ,우라와 하나코,puhehuazi,浦和 花子,浦和 花子
Shirasu Azusa,白洲 アズサ,시라스 아즈사,baizhouzi,白洲 梓,白洲 梓
Ajitani Hifumi,阿慈谷 ヒフミ,아지타니 히후미,acigurifumei,阿慈谷 日富美,阿慈谷 日步美
Peking-Opera-Department-Member,京劇部員,경극부회원,jingjubuchengyuan,京剧部成员,京劇部成員
Urushibara Kaguya,漆原 カグヤ,우루시바라 카구야,qiyuanhuiye,漆原 辉夜,漆原 輝夜
SHANHAIJING-Student,山海経生徒,산해경-학생,shanhaijingxuesheng,山海经学生,山海經學生
Sintani Kai,申谷 カイ,신타니 카이,shenguqi,申谷 启,申谷 啟
Sunohara Kokona,春原 ココナ,스노하라 코코나,chunyuanxinnai,春原 心奈,春原 心菜
Sunohara Shun,春原 シュン,스노하라 슌,chunyuanshun,春原 瞬,春原 旬
Yakushi Saya,薬子 サヤ,야쿠시 사야,yaozishaling,药子 纱绫,藥子 沙耶
Akeshiro Rumi,朱城 ルミ,아케시로 루미,zhuchengliumei,朱城 瑠美,朱城 瑠美
Genbustore-Member,玄武商会のメンバー,현무상회-직원,xuanwushanghuichengyuan,玄武商会成员,玄武商會成員
Kayama Reijo,鹿山 レイジョ,카야마 레이죠,lushanliqing,鹿山 丽情,鹿山 麗情
Genryumon-Member,玄竜門役員,현룡문-임원,xuanlongmenchengyuan,玄龙门成员,玄龍門成員
Konoe Mina,近衛 ミナ,코노에 미나,jinweinan,近卫 南,近衛 南
Ryuuge Kisaki,竜華 キサキ,키사키,longhuafeixiao,龙华 妃咲,龍華 妃姬
Pandemonium-Member,万魔殿役員,만마전-임원,wanmodianchengyuan,万魔殿干部,萬魔殿幹部
Tanga Ibuki,丹花 イブキ,탄가 이부키,yichui,丹花 伊吹,丹花 伊吹
Motomiya chiaki,元宮 チアキ,모토미야 치아키,yuangongqianqiu,元宫 千秋,元宫 千秋
Natsume Iroha,棗 イロハ,나츠메 이로하,zaoyilvbo,枣 伊吕波,棗 伊呂波
Kyougoku Satsuki,京極 サツキ,쿄고쿠 사츠키,gaoyue,京极 皋月,京極 皋月
Hanuma Makoto,羽沼 マコト,하누마 마코토,yuzhaozhenqin,羽沼 真琴,羽沼 真琴
Igusa Haruka,伊草 ハルカ,이구사 하루카,yicaoyaoxiang,伊草 遥香,伊草 遙香
Asagi Mutsuki,浅黄 ムツキ,아사기 무츠키,qianhuangmuyue,浅黄 睦月,淺黃 睦月
Rikuhachima Aru,陸八魔 アル,리쿠하치마 아루,lubamoalu,陆八魔 阿露,陸八魔 亞瑠
Onikata Kayoko,鬼方 カヨコ,오니카타 카요코,guifangjiadaizi,鬼方 佳代子,鬼方 佳世子
Hatami Erika,旗見 エリカ,하타미 에리카,qijianailika,旗见 绘梨香,旗見 艾麗嘉
Yozakura Kirara,夜桜 キララ,요자쿠라 키라라,qiliangliang,夜樱 绮良良,夜樱 绮罗罗
GEHENNA-Student,ゲヘナの生徒,게헨나-학생,geheinaxuesheng,格赫娜学生,格黑娜學生
Himuro Sena,氷室 セナ,히무로 세나,bingshilaiming,氷室 濑名,冰室 瀨奈
Emargency-Medicine-Member,救急医学部の部員,구급의학부원,jiujiyixuebuchengyuan,救急医学部成员,救急醫學部成員
Shimokura Megu,下倉 メグ,시모쿠라 메구,xiacanghui,下仓 惠,下倉 惠
Onsen-Development-Member,温泉開発部員,온천개발부원,wenquankaifabuchengyuan,温泉开发部成员,溫泉開發部成員
Kasumi,鬼怒川 カスミ,카스미,xia,鬼怒川 霞,鬼怒川 霞
Aikiyo Fuuka,愛清 フウカ,아이키요 후우카,aiqingfengxiang,爱清 枫香,愛清 楓華
Ushimaki Juri,牛牧 ジュリ,우시마키 주리,niumuzhuli,牛牧 朱莉,牛牧 茱莉
Shishidou Izumi,獅子堂 イズミ,시시도우 이즈미,shizitangquan,狮子堂 泉,獅子堂 泉
Akashi Junko,赤司 ジュンコ,아카시 준코,chisichunzi,赤司 纯子,赤司 纯子
Wanibuchi Akari,鰐渕 アカリ,와니부치 아카리,eyuanmingli,鳄渊 明里,鱷淵 亞伽里
Kurodate Haruna,黒舘 ハルナ,쿠로다테 하루나,heiguanqingnai,黑馆 晴奈,黑館 羽留奈
Amau Ako,天雨 アコ,아마우 아코,tianyuyazi,天雨 亚子,天雨 亞子
Hinomiya Chinatsu,火宮 チナツ,히노미야 치나츠,huogongqianxia,火宫 千夏,火宮 千夏
Sorasaki Hina,空崎 ヒナ,소라사키 히나,kongqirinai,空崎 日奈,空崎 陽奈
Shiromi Iori,銀鏡 イオリ,시로미 이오리,yinjingyizhi,银镜 伊织,銀鏡 伊織
Disciplinary-Committee-Member,風紀委員,선도부원,fengjiweiyuanhuichengyuan,风纪委员,風紀委員
Tachibana Hikari,橘 ヒカリ,타치바나 히카리,juguang,橘 光,橘 光
Tachibana Nozomi,橘 ノゾミ,타치바나 노조미,juwang,橘 望,橘 望
Highlander-Student,ハイランダー生徒,하이랜더-승무원,chengwuyuan,海兰德学生,海蘭德學生
Asagiri Suou,朝霧 スオウ,아사기리 스오우,zhaowusufang,朝霧 苏枋,朝霧 蘇枋
Utsumi Aoba,内海 アオバ,우츠미 아오바,neihaiqingye,内海 青叶,內海 青葉
Ogata Kanna,尾刃 カンナ,오가타 칸나,weirenyezhu,尾刃 叶渚,尾刃 葉渚
Konoka,コノカ,코노카,xinhua,心华,心華
VALKYRIE-Student,ヴァルキューレ生徒,발키리-학생,waerjilixuesheng,瓦尔基里学生,瓦爾基里學生
Nakatsukasa Kirino,中務 キリノ,나카츠카사 키리노,zhongwutongnai,中务 桐乃,中務 桐乃
Nemugaki Fubuki,合歓垣 フブキ,네무가키 후부키,hehuanyuanchuixue,合欢垣 吹雪,合歓垣 吹雪
Isami Kaede,勇美 カエデ,이사미 카에데,yongmeifeng,勇美 枫,勇美 楓
Kasuga Tsubaki,春日 ツバキ,카스가 츠바키,chunrichun,春日 椿,春日 椿
Mizuha Mimori,水羽 ミモリ,미즈하 미모리,shuiyusansen,水羽 三森,水羽 三森
Asahina Pina,朝比奈 フィーナ,아사히나 피나,zhaobinaifeina,朝比奈 菲娜,朝比奈 菲娜
Kawawa Shizuko,河和 シズコ,카와와 시즈코,hehejingzi,河和 静子,河和 靜子
Satohama Umika,里浜 ウミカ,사토하마 우미카,haixia,里滨 海夏,里滨 海夏
Kuda Izuna,久田 イズナ,쿠다 이즈나,jiutianquannai,久田 泉奈,久田 伊樹菜
Chidori Michiru,千鳥 ミチル,치도리 미치루,qianniaoman,千鸟 满,千鳥 滿
Oono Tsukuyo,大野 ツクヨ,오오노 츠쿠요,dayeyueyong,大野 月咏,大野 月詠
Kurihama Akemi,栗浜 アケミ,쿠리하마 아케미,libinmingmei,栗滨 明美,栗浜 明美
Kosaka Wakamo,狐坂 ワカモ,코사카 와카모,hubanruozao,狐坂 若藻,狐阪 若藻
HYAKKIYAKO-Student,百鬼夜行生徒,백귀야행-학생,baiguiyexingxuesheng,百鬼夜行学生,百鬼夜行學生
Genryou-Hyakumonogatari,幻魎百物語,환량백물어,huanliangbaiwuyu,幻魉百物语,幻魎百物語
Mubou Katashiro,無貌の形代,얼굴없는-카타시로,wumianzhixingdai,无面之形代,無面之形代
MyoukiKurokage,クロカゲ,묘귀쿠로카게,maoguiheiying,猫鬼黑影,貓鬼黑影
Nanakado Ayame,七稜 アヤメ,나나카도 아야메,qilingchangpu,七稜 菖蒲,七稜 菖蒲
Fuwa Renge,不破 レンゲ,후와 렌지,bupolianhua,不破 莲华,不破 蓮華
Kadenokouji Yukari,勘解由小路 ユカリ,감해유코지 유카리,kanjieyouxiaoluzili,勘解由小路 紫蓠,勘解由小路 紫蘺
Goryo Nagusa,御稜 ナグサ,고료 나구사,yulingmingcao,御稜 名草,御稜 名草
Kiryuu Kikyou,桐生 キキョウ,키쿄,tongshengjugeng,桐生 桔梗,桐生 桔梗
Kuzunoha,クズノハ,쿠즈노하,geye,葛叶,葛葉
Habu Azami,土生 アザミ,하부 아자미,tushengji,土生 蓟,土生 蓟
Yabuki Shuro,箭吹 シュロ,야부키 슈로,jianchuizonglv,箭吹 棕榈,箭吹 棕櫚
Kokuriko,コクリコ,코쿠리코,chujiezi,雏芥子,雛芥子
Waraku Chise,和楽 チセ,와라쿠 치세,heleqianshi,和乐 千世,和樂 知世
Amachi Niya,天地 ニヤ,아마치 니야,tiandiniya,天地 妮娅,天地 仁耶
Kuwakami Kaho,桑上 カホ,쿠와카미 카호,sangshangguosui,桑上 果穗,桑上 佳穗
Arata,アラタ,아라타,xin,新,新
Sudama-Ichiza,魑魅一座,이매일좌,chimeiyizuochengyuan,魑魅一座,魑魅一座
Amami Nodoka,天見 ノドカ,아마미 노도카,tianjianhexiang,天见 和香,天見 和香
Mayoi Shigure,間宵 シグレ,마요이 시구레,jianxiaoshiyu,间宵 时雨,間宵 時雨
Miyoshi Takane,三善 タカネ,미요시 타카네,sanshanguiyin,三善 贵音,三善 貴音
Aramaki Yakumo,荒槇 ヤクモ,아라마키 야쿠모,huangzhenbayun,荒槙 八云,荒槙 八云
Yasumori Minori,安守 ミノリ,야스모리 미노리,anshoushili,安守 实梨,安守 實裏
Construction-Department-Member,工務部員,용역부원,gongwubuchengyuan,工务部员,工務部員
Himeki Meru,姫木 メル,히메키 메루,jimumeilu,姬木 梅露,姬木 愛瑠
Akiizumi Momiji,秋泉 モミジ,아키이즈미 모미지,qiuquanhongye,秋泉 红叶,秋泉 紅葉
Royalguard,親衛隊員,친위대원,qinweiduiyuan,亲卫队员,親衛隊員
Sashiro Tomoe,佐城 トモエ,사시로 토모에,zuochengzhihui,佐城 智惠,佐城 智惠
Ikekura Marina,池倉 マリナ,이케쿠라 마리나,chicangmalina,池仓 玛丽娜,池倉 瑪麗娜
Renkawa Cherino,連河 チェリノ,렌카와 체리노,lianheqielinuo,连河 切里诺,連河 潔莉諾
Izayoi Nonomi,十六夜 ノノミ,이자요이 노노미,shiliuyeyegong,十六夜 野宫,十六夜 野乃美
Okusora Ayane,奥空 アヤネ,오쿠소라 아야네,aokonglingyin,奥空 绫音,奧空 綾音
Takanashi Hoshino,小鳥遊 ホシノ,타카나시 호시노,xiaoniaoyouxingye,小鸟游 星野,小鳥遊 星野
Kuchinashi Yume,梔子 ユメ,쿠치나시 유메,meng,栀子 梦,梔子 夢
Sunaookami Shiroko,砂狼 シロコ,스나오오카미 시로코,shalangbaizi,砂狼 白子,砂狼 白子
Sunaookami Shiroko？,砂狼 シロコ？,스나오오카미 시로코？,shalangbaizi?,砂狼 白子？,砂狼 白子？
Kuromi Serika,黒見 セリカ,쿠로미 세리카,heijianqinxiang,黑见 芹香,黑見 茜香
ARIUS-Student,アリウス生徒,아리우스-학생,aliwusixuesheng,阿里乌斯学生,奥利斯學生
Imashino Misaki,戒野 ミサキ,이마시노 미사키,jieyemeixiao,戒野 美咲,戒野 美咲
Tsuchinaga Hiyori,槌永 ヒヨリ,츠치나가 히요리,chuiyongrihe,槌永 日和,槌永 日和
Hakari Atsuko,秤 アツコ,하카리 아츠코,chengyajinzi,秤 亚津子,秤 敦子
Joumae Saori,錠前 サオリ,조마에 사오리,dingqianshazhi,锭前 纱织,錠前 紗織
